"name","pdbFile","svgFile"
"BCR--NTRK2_426_530-822","BCR--NTRK2_426_530-822.pdb","BCR--NTRK2_426_530-822.svg"
"CBL--FBXO2_811_9-296","CBL--FBXO2_811_9-296.pdb","CBL--FBXO2_811_9-296.svg"
"CCDC6--RET_101_713-1114","CCDC6--RET_101_713-1114.pdb","CCDC6--RET_101_713-1114.svg"
"CEP85L--ROS1_582_1927-2347","CEP85L--ROS1_582_1927-2347.pdb","CEP85L--ROS1_582_1927-2347.svg"
"EGFR--ERP44_29_97-406","EGFR--ERP44_29_97-406.pdb","EGFR--ERP44_29_97-406.svg"
"EGFR--HMGA2_761_38-109","EGFR--HMGA2_761_38-109.pdb","EGFR--HMGA2_761_38-109.svg"
"EGFR--PSPH_982_191-225","EGFR--PSPH_982_191-225.pdb","EGFR--PSPH_982_191-225.svg"
"EGFR--SEPTIN14_982_374-432","EGFR--SEPTIN14_982_374-432.pdb","EGFR--SEPTIN14_982_374-432.svg"
"ERBB3--EGFR_897_901-1210","ERBB3--EGFR_897_901-1210.pdb","ERBB3--EGFR_897_901-1210.svg"
"FAM131B--BRAF_30_439-766","FAM131B--BRAF_30_439-766.pdb","FAM131B--BRAF_30_439-766.svg"
"FGFR3--CGNL1_758_802-1302","FGFR3--CGNL1_758_802-1302.pdb","FGFR3--CGNL1_758_802-1302.svg"
"FGFR3--CGNL1_758_906-1302","FGFR3--CGNL1_758_906-1302.pdb","FGFR3--CGNL1_758_906-1302.svg"
"FGFR3--ELAVL3_758_4-367","FGFR3--ELAVL3_758_4-367.pdb","FGFR3--ELAVL3_758_4-367.svg"
"FGFR3--FBXO28_758_173-368","FGFR3--FBXO28_758_173-368.pdb","FGFR3--FBXO28_758_173-368.svg"
"FGFR3--TACC1_758_572-805","FGFR3--TACC1_758_572-805.pdb","FGFR3--TACC1_758_572-805.svg"
"FGFR3--TACC3_758_316-838","FGFR3--TACC3_758_316-838.pdb","FGFR3--TACC3_758_316-838.svg"
"FGFR3--TACC3_758_488-838","FGFR3--TACC3_758_488-838.pdb","FGFR3--TACC3_758_488-838.svg"
"FGFR3--TACC3_758_549-838","FGFR3--TACC3_758_549-838.pdb","FGFR3--TACC3_758_549-838.svg"
"FGFR3--TACC3_758_613-838","FGFR3--TACC3_758_613-838.pdb","FGFR3--TACC3_758_613-838.svg"
"FGFR3--TACC3_758_648-838","FGFR3--TACC3_758_648-838.pdb","FGFR3--TACC3_758_648-838.svg"
"FGFR3--WEE1_758_193-646","FGFR3--WEE1_758_193-646.pdb","FGFR3--WEE1_758_193-646.svg"
"KANK2--NTRK2_416_466-822","KANK2--NTRK2_416_466-822.pdb","KANK2--NTRK2_416_466-822.svg"
"KCTD16--NTRK2_278_467-822","KCTD16--NTRK2_278_467-822.pdb","KCTD16--NTRK2_278_467-822.svg"
"KIT--RASL11B_410_49-248","KIT--RASL11B_410_49-248.pdb","KIT--RASL11B_410_49-248.svg"
"KLHL7--BRAF_160_393-766","KLHL7--BRAF_160_393-766.pdb","KLHL7--BRAF_160_393-766.svg"
"PTPRZ1--MET_429_401-1390","PTPRZ1--MET_429_401-1390.pdb","PTPRZ1--MET_429_401-1390.svg"
"RAF1--TBC1D5_69_416-795","RAF1--TBC1D5_69_416-795.pdb","RAF1--TBC1D5_69_416-795.svg"
"SEC61G--EGFR_31_336-1210","SEC61G--EGFR_31_336-1210.pdb","SEC61G--EGFR_31_336-1210.svg"
"SOS1--DSG4_1115_646-1040","SOS1--DSG4_1115_646-1040.pdb","SOS1--DSG4_1115_646-1040.svg"
"SPECC1L--NTRK2_715_467-822","SPECC1L--NTRK2_715_467-822.pdb","SPECC1L--NTRK2_715_467-822.svg"
"SQSTM1--NTRK2_251_530-822","SQSTM1--NTRK2_251_530-822.pdb","SQSTM1--NTRK2_251_530-822.svg"
"ST7--MET_50_1-1390","ST7--MET_50_1-1390.pdb","ST7--MET_50_1-1390.svg"
