Group	Fusion	FusionPDB	LeftPDB	RightPDB	LeftBrkpt	RightBrkpt	RightEnd
NTRK fusions	BCR--NTRK2_426_530-822	www/Fusion_PDB/BCR--NTRK2_426_530-822.pdb	www/WT_PDB/BCR.pdb	www/WT_PDB/NTRK2.pdb	426	530	822
CBL fusions	CBL--FBXO2_811_9-296	www/Fusion_PDB/CBL--FBXO2_811_9-296.pdb	www/WT_PDB/CBL.pdb	www/WT_PDB/FBXO2.pdb	811	9	296
RET fusions	CCDC6--RET_101_713-1114	www/Fusion_PDB/CCDC6--RET_101_713-1114.pdb	www/WT_PDB/CCDC6.pdb	www/WT_PDB/RET.pdb	101	713	1114
ROS1 fusions	CEP85L--ROS1_582_1927-2347	www/Fusion_PDB/CEP85L--ROS1_582_1927-2347.pdb	www/WT_PDB/CEP85L.pdb	www/WT_PDB/ROS1.pdb	582	1927	2347
PDGFRA fusions	CHIC2--PDGFRA_110_1-1089	www/Fusion_PDB/CHIC2--PDGFRA_110_1-1089.pdb	www/WT_PDB/CHIC2.pdb	www/WT_PDB/PDGFRA.pdb	110	1	1089
EGFR fusions	EGFR--ERP44_29_97-406	www/Fusion_PDB/EGFR--ERP44_29_97-406.pdb	www/WT_PDB/EGFR.pdb	www/WT_PDB/ERP44.pdb	29	97	406
EGFR fusions	EGFR--HMGA2_761_38-109	www/Fusion_PDB/EGFR--HMGA2_761_38-109.pdb	www/WT_PDB/EGFR.pdb	www/WT_PDB/HMGA2.pdb	761	38	109
EGFR fusions	EGFR--PSPH_982_191-225	www/Fusion_PDB/EGFR--PSPH_982_191-225.pdb	www/WT_PDB/EGFR.pdb	www/WT_PDB/PSPH.pdb	982	191	225
EGFR fusions	EGFR--SEPTIN14_982_374-432	www/Fusion_PDB/EGFR--SEPTIN14_982_374-432.pdb	www/WT_PDB/EGFR.pdb	www/WT_PDB/SEPTIN14.pdb	982	374	432
EGFR fusions	ERBB3--EGFR_897_901-1210	www/Fusion_PDB/ERBB3--EGFR_897_901-1210.pdb	www/WT_PDB/ERBB3.pdb	www/WT_PDB/EGFR.pdb	897	901	1210
BRAF fusions	FAM131B--BRAF_30_439-766	www/Fusion_PDB/FAM131B--BRAF_30_439-766.pdb	www/WT_PDB/FAM131B.pdb	www/WT_PDB/BRAF.pdb	30	439	766
FGFR3 fusions	FGFR3--CGNL1_758_802-1302	www/Fusion_PDB/FGFR3--CGNL1_758_802-1302.pdb	www/WT_PDB/FGFR3.pdb	www/WT_PDB/CGNL1.pdb	758	802	1302
FGFR3 fusions	FGFR3--CGNL1_758_906-1302	www/Fusion_PDB/FGFR3--CGNL1_758_906-1302.pdb	www/WT_PDB/FGFR3.pdb	www/WT_PDB/CGNL1.pdb	758	906	1302
FGFR3 fusions	FGFR3--ELAVL3_758_4-367	www/Fusion_PDB/FGFR3--ELAVL3_758_4-367.pdb	www/WT_PDB/FGFR3.pdb	www/WT_PDB/ELAVL3.pdb	758	4	367
FGFR3 fusions	FGFR3--FBXO28_758_173-368	www/Fusion_PDB/FGFR3--FBXO28_758_173-368.pdb	www/WT_PDB/FGFR3.pdb	www/WT_PDB/FBXO28.pdb	758	173	368
FGFR3 fusions	FGFR3--TACC1_758_572-805	www/Fusion_PDB/FGFR3--TACC1_758_572-805.pdb	www/WT_PDB/FGFR3.pdb	www/WT_PDB/TACC1.pdb	758	572	805
FGFR3 fusions	FGFR3--TACC3_758_316-838	www/Fusion_PDB/FGFR3--TACC3_758_316-838.pdb	www/WT_PDB/FGFR3.pdb	www/WT_PDB/TACC3.pdb	758	316	838
FGFR3 fusions	FGFR3--TACC3_758_488-838	www/Fusion_PDB/FGFR3--TACC3_758_488-838.pdb	www/WT_PDB/FGFR3.pdb	www/WT_PDB/TACC3.pdb	758	488	838
FGFR3 fusions	FGFR3--TACC3_758_549-838	www/Fusion_PDB/FGFR3--TACC3_758_549-838.pdb	www/WT_PDB/FGFR3.pdb	www/WT_PDB/TACC3.pdb	758	549	838
FGFR3 fusions	FGFR3--TACC3_758_613-838	www/Fusion_PDB/FGFR3--TACC3_758_613-838.pdb	www/WT_PDB/FGFR3.pdb	www/WT_PDB/TACC3.pdb	758	613	838
FGFR3 fusions	FGFR3--TACC3_758_648-838	www/Fusion_PDB/FGFR3--TACC3_758_648-838.pdb	www/WT_PDB/FGFR3.pdb	www/WT_PDB/TACC3.pdb	758	648	838
FGFR3 fusions	FGFR3--WEE1_758_193-646	www/Fusion_PDB/FGFR3--WEE1_758_193-646.pdb	www/WT_PDB/FGFR3.pdb	www/WT_PDB/WEE1.pdb	758	193	646
NTRK fusions	KANK2--NTRK2_416_466-822	www/Fusion_PDB/KANK2--NTRK2_416_466-822.pdb	www/WT_PDB/KANK2.pdb	www/WT_PDB/NTRK2.pdb	416	466	822
NTRK fusions	KCTD16--NTRK2_278_467-822	www/Fusion_PDB/KCTD16--NTRK2_278_467-822.pdb	www/WT_PDB/KCTD16.pdb	www/WT_PDB/NTRK2.pdb	278	467	822
KIT fusions	KIT--RASL11B_410_49-248	www/Fusion_PDB/KIT--RASL11B_410_49-248.pdb	www/WT_PDB/KIT.pdb	www/WT_PDB/RASL11B.pdb	410	49	248
BRAF fusions	KLHL7--BRAF_160_393-766	www/Fusion_PDB/KLHL7--BRAF_160_393-766.pdb	www/WT_PDB/KLHL7.pdb	www/WT_PDB/BRAF.pdb	160	393	766
PDGFRA fusions	PDGFRA--FIP1L1_1040_111-594	www/Fusion_PDB/PDGFRA--FIP1L1_1040_111-594.pdb	www/WT_PDB/PDGFRA.pdb	www/WT_PDB/FIP1L1.pdb	1040	111	594
MET fusions	PTPRZ1--MET_429_401-1390	www/Fusion_PDB/PTPRZ1--MET_429_401-1390.pdb	www/WT_PDB/PTPRZ1.pdb	www/WT_PDB/MET.pdb	429	401	1390
RAF1 fusions	RAF1--TBC1D5_69_416-795	www/Fusion_PDB/RAF1--TBC1D5_69_416-795.pdb	www/WT_PDB/RAF1.pdb	www/WT_PDB/TBC1D5.pdb	69	416	795
PDGFRA fusions	SCFD2--PDGFRA_437_1-1089	www/Fusion_PDB/SCFD2--PDGFRA_437_1-1089.pdb	www/WT_PDB/SCFD2.pdb	www/WT_PDB/PDGFRA.pdb	437	1	1089
EGFR fusions	SEC61G--EGFR_31_336-1210	www/Fusion_PDB/SEC61G--EGFR_31_336-1210.pdb	www/WT_PDB/SEC61G.pdb	www/WT_PDB/EGFR.pdb	31	336	1210
MET fusions	SMCHD1--MET_62_401-1390	www/Fusion_PDB/SMCHD1--MET_62_401-1390.pdb	www/WT_PDB/SMCHD1.pdb	www/WT_PDB/MET.pdb	62	401	1390
SOS1 fusions	SOS1--DSG4_1115_646-1040	www/Fusion_PDB/SOS1--DSG4_1115_646-1040.pdb	www/WT_PDB/SOS1.pdb	www/WT_PDB/DSG4.pdb	1115	646	1040
NTRK fusions	SPECC1L--NTRK2_715_467-822	www/Fusion_PDB/SPECC1L--NTRK2_715_467-822.pdb	www/WT_PDB/SPECC1L.pdb	www/WT_PDB/NTRK2.pdb	715	467	822
NTRK fusions	SQSTM1--NTRK2_251_530-822	www/Fusion_PDB/SQSTM1--NTRK2_251_530-822.pdb	www/WT_PDB/SQSTM1.pdb	www/WT_PDB/NTRK2.pdb	251	530	822
MET fusions	ST7--MET_50_1-1390	www/Fusion_PDB/ST7--MET_50_1-1390.pdb	www/WT_PDB/ST7.pdb	www/WT_PDB/MET.pdb	50	1	1390
